<?xml version="1.0"?><xml_api_reply version="1"><finance module_id="0" tab_id="0" mobile_row="0" mobile_zipped="1" row="0" section="0" ><symbol data="AA"/><pretty_symbol data="AA"/><symbol_lookup_url data="/finance?client=ig&amp;q=AA"/><company data="Alcoa Inc."/><exchange data="NYSE"/><exchange_timezone data="ET"/><exchange_utc_offset data="+05:00"/><exchange_closing data="960"/><divisor data="2"/><currency data="USD"/><last data="8.51"/><high data="8.55"/><low data="8.40"/><volume data="3983380"/><avg_volume data="15630"/><market_cap data="9073.83"/><open data="8.43"/><y_close data="8.42"/><change data="+0.09"/><perc_change data="1.01"/><delay data="0"/><trade_timestamp data="2 minutes ago"/><trade_date_utc data="20120905"/><trade_time_utc data="153917"/><current_date_utc data="20120905"/><current_time_utc data="154142"/><symbol_url data="/finance?client=ig&amp;q=AA"/><chart_url data="/finance/chart?q=NYSE:AA&amp;tlf=12"/><disclaimer_url data="/help/stock_disclaimer.html"/><ecn_url data=""/><isld_last data=""/><isld_trade_date_utc data=""/><isld_trade_time_utc data=""/><brut_last data=""/><brut_trade_date_utc data=""/><brut_trade_time_utc data=""/><daylight_savings data="true"/></finance><finance module_id="0" tab_id="0" mobile_row="0" mobile_zipped="1" row="0" section="0" ><symbol data="AAPL"/><pretty_symbol data="AAPL"/><symbol_lookup_url data="/finance?client=ig&amp;q=AAPL"/><company data="Apple Inc."/><exchange data="Nasdaq"/><exchange_timezone data="ET"/><exchange_utc_offset data="+05:00"/><exchange_closing data="960"/><divisor data="2"/><currency data="USD"/><last data="673.52"/><high data="676.35"/><low data="670.75"/><volume data="5427174"/><avg_volume data="13975"/><market_cap data="631361.70"/><open data="675.57"/><y_close data="674.97"/><change data="-1.45"/><perc_change data="-0.21"/><delay data="0"/><trade_timestamp data="1 minute ago"/><trade_date_utc data="20120905"/><trade_time_utc data="153954"/><current_date_utc data="20120905"/><current_time_utc data="154142"/><symbol_url data="/finance?client=ig&amp;q=AAPL"/><chart_url data="/finance/chart?q=NASDAQ:AAPL&amp;tlf=12"/><disclaimer_url data="/help/stock_disclaimer.html"/><ecn_url data=""/><isld_last data=""/><isld_trade_date_utc data=""/><isld_trade_time_utc data=""/><brut_last data=""/><brut_trade_date_utc data=""/><brut_trade_time_utc data=""/><daylight_savings data="true"/></finance><finance module_id="0" tab_id="0" mobile_row="0" mobile_zipped="1" row="0" section="0" ><symbol data="AMZN"/><pretty_symbol data="AMZN"/><symbol_lookup_url data="/finance?client=ig&amp;q=AMZN"/><company data="Amazon.com, Inc."/><exchange data="Nasdaq"/><exchange_timezone data="ET"/><exchange_utc_offset data="+05:00"/><exchange_closing data="960"/><divisor data="2"/><currency data="USD"/><last data="247.36"/><high data="248.61"/><low data="245.32"/><volume data="1129322"/><avg_volume data="3275"/><market_cap data="111822.86"/><open data="247.61"/><y_close data="247.88"/><change data="-0.52"/><perc_change data="-0.21"/><delay data="0"/><trade_timestamp data="1 minute ago"/><trade_date_utc data="20120905"/><trade_time_utc data="154025"/><current_date_utc data="20120905"/><current_time_utc data="154142"/><symbol_url data="/finance?client=ig&amp;q=AMZN"/><chart_url data="/finance/chart?q=NASDAQ:AMZN&amp;tlf=12"/><disclaimer_url data="/help/stock_disclaimer.html"/><ecn_url data=""/><isld_last data=""/><isld_trade_date_utc data=""/><isld_trade_time_utc data=""/><brut_last data=""/><brut_trade_date_utc data=""/><brut_trade_time_utc data=""/><daylight_savings data="true"/></finance><finance module_id="0" tab_id="0" mobile_row="0" mobile_zipped="1" row="0" section="0" ><symbol data="AOL"/><pretty_symbol data="AOL"/><symbol_lookup_url data="/finance?client=ig&amp;q=AOL"/><company data="AOL, Inc."/><exchange data="NYSE"/><exchange_timezone data="ET"/><exchange_utc_offset data="+05:00"/><exchange_closing data="960"/><divisor data="2"/><currency data="USD"/><last data="33.86"/><high data="34.07"/><low data="33.61"/><volume data="1202140"/><avg_volume data="2143"/><market_cap data="3181.92"/><open data="33.82"/><y_close data="33.48"/><change data="+0.38"/><perc_change data="1.14"/><delay data="0"/><trade_timestamp data="1 minute ago"/><trade_date_utc data="20120905"/><trade_time_utc data="154009"/><current_date_utc data="20120905"/><current_time_utc data="154142"/><symbol_url data="/finance?client=ig&amp;q=AOL"/><chart_url data="/finance/chart?q=NYSE:AOL&amp;tlf=12"/><disclaimer_url data="/help/stock_disclaimer.html"/><ecn_url data=""/><isld_last data=""/><isld_trade_date_utc data=""/><isld_trade_time_utc data=""/><brut_last data=""/><brut_trade_date_utc data=""/><brut_trade_time_utc data=""/><daylight_savings data="true"/></finance><finance module_id="0" tab_id="0" mobile_row="0" mobile_zipped="1" row="0" section="0" ><symbol data="BA"/><pretty_symbol data="BA"/><symbol_lookup_url data="/finance?client=ig&amp;q=BA"/><company data="The Boeing Company"/><exchange data="NYSE"/><exchange_timezone data="ET"/><exchange_utc_offset data="+05:00"/><exchange_closing data="960"/><divisor data="2"/><currency data="USD"/><last data="71.79"/><high data="71.80"/><low data="71.11"/><volume data="1640448"/><avg_volume data="3923"/><market_cap data="53971.55"/><open data="71.38"/><y_close data="70.87"/><change data="+0.92"/><perc_change data="1.30"/><delay data="0"/><trade_timestamp data="2 minutes ago"/><trade_date_utc data="20120905"/><trade_time_utc data="153913"/><current_date_utc data="20120905"/><current_time_utc data="154142"/><symbol_url data="/finance?client=ig&amp;q=BA"/><chart_url data="/finance/chart?q=NYSE:BA&amp;tlf=12"/><disclaimer_url data="/help/stock_disclaimer.html"/><ecn_url data=""/><isld_last data=""/><isld_trade_date_utc data=""/><isld_trade_time_utc data=""/><brut_last data=""/><brut_trade_date_utc data=""/><brut_trade_time_utc data=""/><daylight_savings data="true"/></finance><finance module_id="0" tab_id="0" mobile_row="0" mobile_zipped="1" row="0" section="0" ><symbol data="BAC"/><pretty_symbol data="BAC"/><symbol_lookup_url data="/finance?client=ig&amp;q=BAC"/><company data="Bank of America Corp"/><exchange data="NYSE"/><exchange_timezone data="ET"/><exchange_utc_offset data="+05:00"/><exchange_closing data="960"/><divisor data="2"/><currency data="USD"/><last data="7.98"/><high data="8.02"/><low data="7.93"/><volume data="27450503"/><avg_volume data="102402"/><market_cap data="86000.06"/><open data="7.99"/><y_close data="7.99"/><change data="-0.01"/><perc_change data="-0.13"/><delay data="0"/><trade_timestamp data="1 minute ago"/><trade_date_utc data="20120905"/><trade_time_utc data="154025"/><current_date_utc data="20120905"/><current_time_utc data="154142"/><symbol_url data="/finance?client=ig&amp;q=BAC"/><chart_url data="/finance/chart?q=NYSE:BAC&amp;tlf=12"/><disclaimer_url data="/help/stock_disclaimer.html"/><ecn_url data=""/><isld_last data=""/><isld_trade_date_utc data=""/><isld_trade_time_utc data=""/><brut_last data=""/><brut_trade_date_utc data=""/><brut_trade_time_utc data=""/><daylight_savings data="true"/></finance><finance module_id="0" tab_id="0" mobile_row="0" mobile_zipped="1" row="0" section="0" ><symbol data="BIDU"/><pretty_symbol data="BIDU"/><symbol_lookup_url data="/finance?client=ig&amp;q=BIDU"/><company data="Baidu.com, Inc. (ADR)"/><exchange data="Nasdaq"/><exchange_timezone data="ET"/><exchange_utc_offset data="+05:00"/><exchange_closing data="960"/><divisor data="2"/><currency data="USD"/><last data="112.15"/><high data="114.64"/><low data="111.80"/><volume data="2458887"/><avg_volume data="5690"/><market_cap data="39185.13"/><open data="113.61"/><y_close data="114.51"/><change data="-2.36"/><perc_change data="-2.06"/><delay data="0"/><trade_timestamp data="1 minute ago"/><trade_date_utc data="20120905"/><trade_time_utc data="154029"/><current_date_utc data="20120905"/><current_time_utc data="154142"/><symbol_url data="/finance?client=ig&amp;q=BIDU"/><chart_url data="/finance/chart?q=NASDAQ:BIDU&amp;tlf=12"/><disclaimer_url data="/help/stock_disclaimer.html"/><ecn_url data=""/><isld_last data=""/><isld_trade_date_utc data=""/><isld_trade_time_utc data=""/><brut_last data=""/><brut_trade_date_utc data=""/><brut_trade_time_utc data=""/><daylight_savings data="true"/></finance><finance module_id="0" tab_id="0" mobile_row="0" mobile_zipped="1" row="0" section="0" ><symbol data="C"/><pretty_symbol data="C"/><symbol_lookup_url data="/finance?client=ig&amp;q=C"/><company data="Citigroup Inc."/><exchange data="NYSE"/><exchange_timezone data="ET"/><exchange_utc_offset data="+05:00"/><exchange_closing data="960"/><divisor data="2"/><currency data="USD"/><last data="29.71"/><high data="29.92"/><low data="29.61"/><volume data="6496638"/><avg_volume data="30264"/><market_cap data="87124.07"/><open data="29.72"/><y_close data="29.70"/><change data="+0.01"/><perc_change data="0.03"/><delay data="0"/><trade_timestamp data="46 seconds ago"/><trade_date_utc data="20120905"/><trade_time_utc data="154056"/><current_date_utc data="20120905"/><current_time_utc data="154142"/><symbol_url data="/finance?client=ig&amp;q=C"/><chart_url data="/finance/chart?q=NYSE:C&amp;tlf=12"/><disclaimer_url data="/help/stock_disclaimer.html"/><ecn_url data=""/><isld_last data=""/><isld_trade_date_utc data=""/><isld_trade_time_utc data=""/><brut_last data=""/><brut_trade_date_utc data=""/><brut_trade_time_utc data=""/><daylight_savings data="true"/></finance><finance module_id="0" tab_id="0" mobile_row="0" mobile_zipped="1" row="0" section="0" ><symbol data="CAT"/><pretty_symbol data="CAT"/><symbol_lookup_url data="/finance?client=ig&amp;q=CAT"/><company data="Caterpillar Inc."/><exchange data="NYSE"/><exchange_timezone data="ET"/><exchange_utc_offset data="+05:00"/><exchange_closing data="960"/><divisor data="2"/><currency data="USD"/><last data="82.91"/><high data="83.08"/><low data="81.78"/><volume data="3067634"/><avg_volume data="7413"/><market_cap data="54162.50"/><open data="82.60"/><y_close data="82.66"/><change data="+0.25"/><perc_change data="0.30"/><delay data="0"/><trade_timestamp data="1 minute ago"/><trade_date_utc data="20120905"/><trade_time_utc data="153952"/><current_date_utc data="20120905"/><current_time_utc data="154142"/><symbol_url data="/finance?client=ig&amp;q=CAT"/><chart_url data="/finance/chart?q=NYSE:CAT&amp;tlf=12"/><disclaimer_url data="/help/stock_disclaimer.html"/><ecn_url data=""/><isld_last data=""/><isld_trade_date_utc data=""/><isld_trade_time_utc data=""/><brut_last data=""/><brut_trade_date_utc data=""/><brut_trade_time_utc data=""/><daylight_savings data="true"/></finance><finance module_id="0" tab_id="0" mobile_row="0" mobile_zipped="1" row="0" section="0" ><symbol data="CRM"/><pretty_symbol data="CRM"/><symbol_lookup_url data="/finance?client=ig&amp;q=CRM"/><company data="salesforce.com, inc."/><exchange data="NYSE"/><exchange_timezone data="ET"/><exchange_utc_offset data="+05:00"/><exchange_closing data="960"/><divisor data="2"/><currency data="USD"/><last data="144.22"/><high data="144.96"/><low data="143.01"/><volume data="511609"/><avg_volume data="2852"/><market_cap data="20046.58"/><open data="144.63"/><y_close data="144.84"/><change data="-0.62"/><perc_change data="-0.43"/><delay data="0"/><trade_timestamp data="1 minute ago"/><trade_date_utc data="20120905"/><trade_time_utc data="153958"/><current_date_utc data="20120905"/><current_time_utc data="154142"/><symbol_url data="/finance?client=ig&amp;q=CRM"/><chart_url data="/finance/chart?q=NYSE:CRM&amp;tlf=12"/><disclaimer_url data="/help/stock_disclaimer.html"/><ecn_url data=""/><isld_last data=""/><isld_trade_date_utc data=""/><isld_trade_time_utc data=""/><brut_last data=""/><brut_trade_date_utc data=""/><brut_trade_time_utc data=""/><daylight_savings data="true"/></finance><finance module_id="0" tab_id="0" mobile_row="0" mobile_zipped="1" row="0" section="0" ><symbol data="CSCO"/><pretty_symbol data="CSCO"/><symbol_lookup_url data="/finance?client=ig&amp;q=CSCO"/><company data="Cisco Systems, Inc."/><exchange data="Nasdaq"/><exchange_timezone data="ET"/><exchange_utc_offset data="+05:00"/><exchange_closing data="960"/><divisor data="2"/><currency data="USD"/><last data="19.09"/><high data="19.11"/><low data="18.87"/><volume data="11262282"/><avg_volume data="46462"/><market_cap data="102289.59"/><open data="19.00"/><y_close data="19.00"/><change data="+0.10"/><perc_change data="0.53"/><delay data="0"/><trade_timestamp data="18 seconds ago"/><trade_date_utc data="20120905"/><trade_time_utc data="154124"/><current_date_utc data="20120905"/><current_time_utc data="154142"/><symbol_url data="/finance?client=ig&amp;q=CSCO"/><chart_url data="/finance/chart?q=NASDAQ:CSCO&amp;tlf=12"/><disclaimer_url data="/help/stock_disclaimer.html"/><ecn_url data=""/><isld_last data=""/><isld_trade_date_utc data=""/><isld_trade_time_utc data=""/><brut_last data=""/><brut_trade_date_utc data=""/><brut_trade_time_utc data=""/><daylight_savings data="true"/></finance><finance module_id="0" tab_id="0" mobile_row="0" mobile_zipped="1" row="0" section="0" ><symbol data="CVX"/><pretty_symbol data="CVX"/><symbol_lookup_url data="/finance?client=ig&amp;q=CVX"/><company data="Chevron Corporation"/><exchange data="NYSE"/><exchange_timezone data="ET"/><exchange_utc_offset data="+05:00"/><exchange_closing data="960"/><divisor data="2"/><currency data="USD"/><last data="111.49"/><high data="111.73"/><low data="111.21"/><volume data="1594606"/><avg_volume data="5357"/><market_cap data="218758.98"/><open data="111.60"/><y_close data="111.22"/><change data="+0.27"/><perc_change data="0.24"/><delay data="0"/><trade_timestamp data="1 minute ago"/><trade_date_utc data="20120905"/><trade_time_utc data="154003"/><current_date_utc data="20120905"/><current_time_utc data="154142"/><symbol_url data="/finance?client=ig&amp;q=CVX"/><chart_url data="/finance/chart?q=NYSE:CVX&amp;tlf=12"/><disclaimer_url data="/help/stock_disclaimer.html"/><ecn_url data=""/><isld_last data=""/><isld_trade_date_utc data=""/><isld_trade_time_utc data=""/><brut_last data=""/><brut_trade_date_utc data=""/><brut_trade_time_utc data=""/><daylight_savings data="true"/></finance><finance module_id="0" tab_id="0" mobile_row="0" mobile_zipped="1" row="0" section="0" ><symbol data="DIS"/><pretty_symbol data="DIS"/><symbol_lookup_url data="/finance?client=ig&amp;q=DIS"/><company data="The Walt Disney Company"/><exchange data="NYSE"/><exchange_timezone data="ET"/><exchange_utc_offset data="+05:00"/><exchange_closing data="960"/><divisor data="2"/><currency data="USD"/><last data="51.17"/><high data="51.24"/><low data="50.09"/><volume data="6907237"/><avg_volume data="8146"/><market_cap data="91813.03"/><open data="50.14"/><y_close data="49.66"/><change data="+1.51"/><perc_change data="3.04"/><delay data="0"/><trade_timestamp data="1 minute ago"/><trade_date_utc data="20120905"/><trade_time_utc data="154005"/><current_date_utc data="20120905"/><current_time_utc data="154142"/><symbol_url data="/finance?client=ig&amp;q=DIS"/><chart_url data="/finance/chart?q=NYSE:DIS&amp;tlf=12"/><disclaimer_url data="/help/stock_disclaimer.html"/><ecn_url data=""/><isld_last data=""/><isld_trade_date_utc data=""/><isld_trade_time_utc data=""/><brut_last data=""/><brut_trade_date_utc data=""/><brut_trade_time_utc data=""/><daylight_savings data="true"/></finance><finance module_id="0" tab_id="0" mobile_row="0" mobile_zipped="1" row="0" section="0" ><symbol data="EBAY"/><pretty_symbol data="EBAY"/><symbol_lookup_url data="/finance?client=ig&amp;q=EBAY"/><company data="eBay Inc"/><exchange data="Nasdaq"/><exchange_timezone data="ET"/><exchange_utc_offset data="+05:00"/><exchange_closing data="960"/><divisor data="2"/><currency data="USD"/><last data="47.14"/><high data="47.40"/><low data="46.36"/><volume data="5065310"/><avg_volume data="10008"/><market_cap data="60747.90"/><open data="46.73"/><y_close data="47.35"/><change data="-0.22"/><perc_change data="-0.45"/><delay data="0"/><trade_timestamp data="35 seconds ago"/><trade_date_utc data="20120905"/><trade_time_utc data="154107"/><current_date_utc data="20120905"/><current_time_utc data="154142"/><symbol_url data="/finance?client=ig&amp;q=EBAY"/><chart_url data="/finance/chart?q=NASDAQ:EBAY&amp;tlf=12"/><disclaimer_url data="/help/stock_disclaimer.html"/><ecn_url data=""/><isld_last data=""/><isld_trade_date_utc data=""/><isld_trade_time_utc data=""/><brut_last data=""/><brut_trade_date_utc data=""/><brut_trade_time_utc data=""/><daylight_savings data="true"/></finance><finance module_id="0" tab_id="0" mobile_row="0" mobile_zipped="1" row="0" section="0" ><symbol data="EMC"/><pretty_symbol data="EMC"/><symbol_lookup_url data="/finance?client=ig&amp;q=EMC"/><company data="EMC Corporation"/><exchange data="NYSE"/><exchange_timezone data="ET"/><exchange_utc_offset data="+05:00"/><exchange_closing data="960"/><divisor data="2"/><currency data="USD"/><last data="26.39"/><high data="26.42"/><low data="26.03"/><volume data="4605501"/><avg_volume data="15479"/><market_cap data="55374.72"/><open data="26.28"/><y_close data="26.35"/><change data="+0.03"/><perc_change data="0.13"/><delay data="0"/><trade_timestamp data="3 minutes ago"/><trade_date_utc data="20120905"/><trade_time_utc data="153842"/><current_date_utc data="20120905"/><current_time_utc data="154142"/><symbol_url data="/finance?client=ig&amp;q=EMC"/><chart_url data="/finance/chart?q=NYSE:EMC&amp;tlf=12"/><disclaimer_url data="/help/stock_disclaimer.html"/><ecn_url data=""/><isld_last data=""/><isld_trade_date_utc data=""/><isld_trade_time_utc data=""/><brut_last data=""/><brut_trade_date_utc data=""/><brut_trade_time_utc data=""/><daylight_savings data="true"/></finance><finance module_id="0" tab_id="0" mobile_row="0" mobile_zipped="1" row="0" section="0" ><symbol data="F"/><pretty_symbol data="F"/><symbol_lookup_url data="/finance?client=ig&amp;q=F"/><company data="Ford Motor Company"/><exchange data="NYSE"/><exchange_timezone data="ET"/><exchange_utc_offset data="+05:00"/><exchange_closing data="960"/><divisor data="2"/><currency data="USD"/><last data="9.57"/><high data="9.58"/><low data="9.39"/><volume data="15233550"/><avg_volume data="34639"/><market_cap data="36518.92"/><open data="9.45"/><y_close data="9.41"/><change data="+0.16"/><perc_change data="1.75"/><delay data="0"/><trade_timestamp data="2 minutes ago"/><trade_date_utc data="20120905"/><trade_time_utc data="153932"/><current_date_utc data="20120905"/><current_time_utc data="154142"/><symbol_url data="/finance?client=ig&amp;q=F"/><chart_url data="/finance/chart?q=NYSE:F&amp;tlf=12"/><disclaimer_url data="/help/stock_disclaimer.html"/><ecn_url data=""/><isld_last data=""/><isld_trade_date_utc data=""/><isld_trade_time_utc data=""/><brut_last data=""/><brut_trade_date_utc data=""/><brut_trade_time_utc data=""/><daylight_savings data="true"/></finance><finance module_id="0" tab_id="0" mobile_row="0" mobile_zipped="1" row="0" section="0" ><symbol data="FCNTX"/><pretty_symbol data="FCNTX"/><symbol_lookup_url data="/finance?client=ig&amp;q=FCNTX"/><company data="Fidelity Contrafund"/><exchange data="MUTF"/><exchange_timezone data=""/><exchange_utc_offset data=""/><exchange_closing data=""/><divisor data="2"/><currency data="USD"/><last data="77.40"/><high data=""/><low data=""/><volume data=""/><avg_volume data=""/><market_cap data=""/><open data=""/><y_close data=""/><change data="+0.12"/><perc_change data="0.16"/><delay data=""/><trade_timestamp data="19 hours ago"/><trade_date_utc data=""/><trade_time_utc data=""/><current_date_utc data="20120905"/><current_time_utc data="154142"/><symbol_url data="/finance?client=ig&amp;q=FCNTX"/><chart_url data="/finance/chart?q=MUTF:FCNTX&amp;tlf=12"/><disclaimer_url data="/help/stock_disclaimer.html"/><ecn_url data=""/><isld_last data=""/><isld_trade_date_utc data=""/><isld_trade_time_utc data=""/><brut_last data=""/><brut_trade_date_utc data=""/><brut_trade_time_utc data=""/><daylight_savings data="true"/></finance><finance module_id="0" tab_id="0" mobile_row="0" mobile_zipped="1" row="0" section="0" ><symbol data="FCX"/><pretty_symbol data="FCX"/><symbol_lookup_url data="/finance?client=ig&amp;q=FCX"/><company data="Freeport-McMoRan Copper &amp; Gold Inc."/><exchange data="NYSE"/><exchange_timezone data="ET"/><exchange_utc_offset data="+05:00"/><exchange_closing data="960"/><divisor data="2"/><currency data="USD"/><last data="35.28"/><high data="35.83"/><low data="35.02"/><volume data="6635971"/><avg_volume data="14367"/><market_cap data="33489.46"/><open data="35.82"/><y_close data="35.62"/><change data="-0.34"/><perc_change data="-0.95"/><delay data="0"/><trade_timestamp data="1 minute ago"/><trade_date_utc data="20120905"/><trade_time_utc data="153958"/><current_date_utc data="20120905"/><current_time_utc data="154142"/><symbol_url data="/finance?client=ig&amp;q=FCX"/><chart_url data="/finance/chart?q=NYSE:FCX&amp;tlf=12"/><disclaimer_url data="/help/stock_disclaimer.html"/><ecn_url data=""/><isld_last data=""/><isld_trade_date_utc data=""/><isld_trade_time_utc data=""/><brut_last data=""/><brut_trade_date_utc data=""/><brut_trade_time_utc data=""/><daylight_savings data="true"/></finance><finance module_id="0" tab_id="0" mobile_row="0" mobile_zipped="1" row="0" section="0" ><symbol data="FDGFX"/><pretty_symbol data="FDGFX"/><symbol_lookup_url data="/finance?client=ig&amp;q=FDGFX"/><company data="Fidelity Dividend Growth"/><exchange data="MUTF"/><exchange_timezone data=""/><exchange_utc_offset data=""/><exchange_closing data=""/><divisor data="2"/><currency data="USD"/><last data="29.57"/><high data=""/><low data=""/><volume data=""/><avg_volume data=""/><market_cap data=""/><open data=""/><y_close data=""/><change data="+0.04"/><perc_change data="0.14"/><delay data=""/><trade_timestamp data="19 hours ago"/><trade_date_utc data=""/><trade_time_utc data=""/><current_date_utc data="20120905"/><current_time_utc data="154142"/><symbol_url data="/finance?client=ig&amp;q=FDGFX"/><chart_url data="/finance/chart?q=MUTF:FDGFX&amp;tlf=12"/><disclaimer_url data="/help/stock_disclaimer.html"/><ecn_url data=""/><isld_last data=""/><isld_trade_date_utc data=""/><isld_trade_time_utc data=""/><brut_last data=""/><brut_trade_date_utc data=""/><brut_trade_time_utc data=""/><daylight_savings data="true"/></finance><finance module_id="0" tab_id="0" mobile_row="0" mobile_zipped="1" row="0" section="0" ><symbol data="FDX"/><pretty_symbol data="FDX"/><symbol_lookup_url data="/finance?client=ig&amp;q=FDX"/><company data="FedEx Corporation"/><exchange data="NYSE"/><exchange_timezone data="ET"/><exchange_utc_offset data="+05:00"/><exchange_closing data="960"/><divisor data="2"/><currency data="USD"/><last data="86.61"/><high data="87.17"/><low data="85.31"/><volume data="3660434"/><avg_volume data="1733"/><market_cap data="27420.70"/><open data="85.60"/><y_close data="87.54"/><change data="-0.93"/><perc_change data="-1.06"/><delay data="0"/><trade_timestamp data="2 minutes ago"/><trade_date_utc data="20120905"/><trade_time_utc data="153907"/><current_date_utc data="20120905"/><current_time_utc data="154142"/><symbol_url data="/finance?client=ig&amp;q=FDX"/><chart_url data="/finance/chart?q=NYSE:FDX&amp;tlf=12"/><disclaimer_url data="/help/stock_disclaimer.html"/><ecn_url data=""/><isld_last data=""/><isld_trade_date_utc data=""/><isld_trade_time_utc data=""/><brut_last data=""/><brut_trade_date_utc data=""/><brut_trade_time_utc data=""/><daylight_savings data="true"/></finance><finance module_id="0" tab_id="0" mobile_row="0" mobile_zipped="1" row="0" section="0" ><symbol data="FMAGX"/><pretty_symbol data="FMAGX"/><symbol_lookup_url data="/finance?client=ig&amp;q=FMAGX"/><company data="Fidelity Magellan"/><exchange data="MUTF"/><exchange_timezone data=""/><exchange_utc_offset data=""/><exchange_closing data=""/><divisor data="2"/><currency data="USD"/><last data="72.57"/><high data=""/><low data=""/><volume data=""/><avg_volume data=""/><market_cap data=""/><open data=""/><y_close data=""/><change data="+0.08"/><perc_change data="0.11"/><delay data=""/><trade_timestamp data="19 hours ago"/><trade_date_utc data=""/><trade_time_utc data=""/><current_date_utc data="20120905"/><current_time_utc data="154142"/><symbol_url data="/finance?client=ig&amp;q=FMAGX"/><chart_url data="/finance/chart?q=MUTF:FMAGX&amp;tlf=12"/><disclaimer_url data="/help/stock_disclaimer.html"/><ecn_url data=""/><isld_last data=""/><isld_trade_date_utc data=""/><isld_trade_time_utc data=""/><brut_last data=""/><brut_trade_date_utc data=""/><brut_trade_time_utc data=""/><daylight_savings data="true"/></finance><finance module_id="0" tab_id="0" mobile_row="0" mobile_zipped="1" row="0" section="0" ><symbol data="GD"/><pretty_symbol data="GD"/><symbol_lookup_url data="/finance?client=ig&amp;q=GD"/><company data="General Dynamics Corporation"/><exchange data="NYSE"/><exchange_timezone data="ET"/><exchange_utc_offset data="+05:00"/><exchange_closing data="960"/><divisor data="2"/><currency data="USD"/><last data="64.73"/><high data="65.15"/><low data="64.29"/><volume data="547947"/><avg_volume data="1621"/><market_cap data="22835.33"/><open data="64.87"/><y_close data="64.65"/><change data="+0.08"/><perc_change data="0.12"/><delay data="0"/><trade_timestamp data="1 minute ago"/><trade_date_utc data="20120905"/><trade_time_utc data="153953"/><current_date_utc data="20120905"/><current_time_utc data="154142"/><symbol_url data="/finance?client=ig&amp;q=GD"/><chart_url data="/finance/chart?q=NYSE:GD&amp;tlf=12"/><disclaimer_url data="/help/stock_disclaimer.html"/><ecn_url data=""/><isld_last data=""/><isld_trade_date_utc data=""/><isld_trade_time_utc data=""/><brut_last data=""/><brut_trade_date_utc data=""/><brut_trade_time_utc data=""/><daylight_savings data="true"/></finance><finance module_id="0" tab_id="0" mobile_row="0" mobile_zipped="1" row="0" section="0" ><symbol data="GE"/><pretty_symbol data="GE"/><symbol_lookup_url data="/finance?client=ig&amp;q=GE"/><company data="General Electric Company"/><exchange data="NYSE"/><exchange_timezone data="ET"/><exchange_utc_offset data="+05:00"/><exchange_closing data="960"/><divisor data="2"/><currency data="USD"/><last data="20.69"/><high data="20.77"/><low data="20.51"/><volume data="14091725"/><avg_volume data="35139"/><market_cap data="218462.48"/><open data="20.55"/><y_close data="20.51"/><change data="+0.18"/><perc_change data="0.88"/><delay data="0"/><trade_timestamp data="55 seconds ago"/><trade_date_utc data="20120905"/><trade_time_utc data="154047"/><current_date_utc data="20120905"/><current_time_utc data="154142"/><symbol_url data="/finance?client=ig&amp;q=GE"/><chart_url data="/finance/chart?q=NYSE:GE&amp;tlf=12"/><disclaimer_url data="/help/stock_disclaimer.html"/><ecn_url data=""/><isld_last data=""/><isld_trade_date_utc data=""/><isld_trade_time_utc data=""/><brut_last data=""/><brut_trade_date_utc data=""/><brut_trade_time_utc data=""/><daylight_savings data="true"/></finance><finance module_id="0" tab_id="0" mobile_row="0" mobile_zipped="1" row="0" section="0" ><symbol data="GOOG"/><pretty_symbol data="GOOG"/><symbol_lookup_url data="/finance?client=ig&amp;q=GOOG"/><company data="Google Inc"/><exchange data="Nasdaq"/><exchange_timezone data="ET"/><exchange_utc_offset data="+05:00"/><exchange_closing data="960"/><divisor data="2"/><currency data="USD"/><last data="683.45"/><high data="686.50"/><low data="679.14"/><volume data="794708"/><avg_volume data="2069"/><market_cap data="223510.92"/><open data="680.00"/><y_close data="681.04"/><change data="+2.41"/><perc_change data="0.35"/><delay data="0"/><trade_timestamp data="11 seconds ago"/><trade_date_utc data="20120905"/><trade_time_utc data="154131"/><current_date_utc data="20120905"/><current_time_utc data="154142"/><symbol_url data="/finance?client=ig&amp;q=GOOG"/><chart_url data="/finance/chart?q=NASDAQ:GOOG&amp;tlf=12"/><disclaimer_url data="/help/stock_disclaimer.html"/><ecn_url data=""/><isld_last data=""/><isld_trade_date_utc data=""/><isld_trade_time_utc data=""/><brut_last data=""/><brut_trade_date_utc data=""/><brut_trade_time_utc data=""/><daylight_savings data="true"/></finance><finance module_id="0" tab_id="0" mobile_row="0" mobile_zipped="1" row="0" section="0" ><symbol data="H"/><pretty_symbol data="H"/><symbol_lookup_url data="/finance?client=ig&amp;q=H"/><company data="Hyatt Hotels Corporation"/><exchange data="NYSE"/><exchange_timezone data="ET"/><exchange_utc_offset data="+05:00"/><exchange_closing data="960"/><divisor data="2"/><currency data="USD"/><last data="38.28"/><high data="38.58"/><low data="38.12"/><volume data="47551"/><avg_volume data="265"/><market_cap data="6344.37"/><open data="38.44"/><y_close data="38.49"/><change data="-0.21"/><perc_change data="-0.55"/><delay data="0"/><trade_timestamp data="1 minute ago"/><trade_date_utc data="20120905"/><trade_time_utc data="153958"/><current_date_utc data="20120905"/><current_time_utc data="154142"/><symbol_url data="/finance?client=ig&amp;q=H"/><chart_url data="/finance/chart?q=NYSE:H&amp;tlf=12"/><disclaimer_url data="/help/stock_disclaimer.html"/><ecn_url data=""/><isld_last data=""/><isld_trade_date_utc data=""/><isld_trade_time_utc data=""/><brut_last data=""/><brut_trade_date_utc data=""/><brut_trade_time_utc data=""/><daylight_savings data="true"/></finance><finance module_id="0" tab_id="0" mobile_row="0" mobile_zipped="1" row="0" section="0" ><symbol data="IBM"/><pretty_symbol data="IBM"/><symbol_lookup_url data="/finance?client=ig&amp;q=IBM"/><company data="International Business Machines Corp."/><exchange data="NYSE"/><exchange_timezone data="ET"/><exchange_utc_offset data="+05:00"/><exchange_closing data="960"/><divisor data="2"/><currency data="USD"/><last data="195.53"/><high data="195.85"/><low data="193.89"/><volume data="1306508"/><avg_volume data="2878"/><market_cap data="223446.71"/><open data="194.41"/><y_close data="194.54"/><change data="+0.99"/><perc_change data="0.51"/><delay data="0"/><trade_timestamp data="1 minute ago"/><trade_date_utc data="20120905"/><trade_time_utc data="154030"/><current_date_utc data="20120905"/><current_time_utc data="154142"/><symbol_url data="/finance?client=ig&amp;q=IBM"/><chart_url data="/finance/chart?q=NYSE:IBM&amp;tlf=12"/><disclaimer_url data="/help/stock_disclaimer.html"/><ecn_url data=""/><isld_last data=""/><isld_trade_date_utc data=""/><isld_trade_time_utc data=""/><brut_last data=""/><brut_trade_date_utc data=""/><brut_trade_time_utc data=""/><daylight_savings data="true"/></finance><finance module_id="0" tab_id="0" mobile_row="0" mobile_zipped="1" row="0" section="0" ><symbol data="INTC"/><pretty_symbol data="INTC"/><symbol_lookup_url data="/finance?client=ig&amp;q=INTC"/><company data="Intel Corporation"/><exchange data="Nasdaq"/><exchange_timezone data="ET"/><exchange_utc_offset data="+05:00"/><exchange_closing data="960"/><divisor data="2"/><currency data="USD"/><last data="24.64"/><high data="24.78"/><low data="24.19"/><volume data="18630492"/><avg_volume data="32872"/><market_cap data="123263.91"/><open data="24.40"/><y_close data="24.42"/><change data="+0.22"/><perc_change data="0.91"/><delay data="0"/><trade_timestamp data="55 seconds ago"/><trade_date_utc data="20120905"/><trade_time_utc data="154047"/><current_date_utc data="20120905"/><current_time_utc data="154142"/><symbol_url data="/finance?client=ig&amp;q=INTC"/><chart_url data="/finance/chart?q=NASDAQ:INTC&amp;tlf=12"/><disclaimer_url data="/help/stock_disclaimer.html"/><ecn_url data=""/><isld_last data=""/><isld_trade_date_utc data=""/><isld_trade_time_utc data=""/><brut_last data=""/><brut_trade_date_utc data=""/><brut_trade_time_utc data=""/><daylight_savings data="true"/></finance><finance module_id="0" tab_id="0" mobile_row="0" mobile_zipped="1" row="0" section="0" ><symbol data="ITRGX"/><pretty_symbol data="ITRGX"/><symbol_lookup_url data="/finance?client=ig&amp;q=ITRGX"/><company data="ING T Rowe Price Growth Equity Port S2"/><exchange data="MUTF"/><exchange_timezone data=""/><exchange_utc_offset data=""/><exchange_closing data=""/><divisor data="2"/><currency data="USD"/><last data="61.69"/><high data=""/><low data=""/><volume data=""/><avg_volume data=""/><market_cap data=""/><open data=""/><y_close data=""/><change data="+0.12"/><perc_change data="0.19"/><delay data=""/><trade_timestamp data="19 hours ago"/><trade_date_utc data=""/><trade_time_utc data=""/><current_date_utc data="20120905"/><current_time_utc data="154142"/><symbol_url data="/finance?client=ig&amp;q=ITRGX"/><chart_url data="/finance/chart?q=MUTF:ITRGX&amp;tlf=12"/><disclaimer_url data="/help/stock_disclaimer.html"/><ecn_url data=""/><isld_last data=""/><isld_trade_date_utc data=""/><isld_trade_time_utc data=""/><brut_last data=""/><brut_trade_date_utc data=""/><brut_trade_time_utc data=""/><daylight_savings data="true"/></finance><finance module_id="0" tab_id="0" mobile_row="0" mobile_zipped="1" row="0" section="0" ><symbol data="JPM"/><pretty_symbol data="JPM"/><symbol_lookup_url data="/finance?client=ig&amp;q=JPM"/><company data="JPMorgan Chase &amp; Co."/><exchange data="NYSE"/><exchange_timezone data="ET"/><exchange_utc_offset data="+05:00"/><exchange_closing data="960"/><divisor data="2"/><currency data="USD"/><last data="37.17"/><high data="37.29"/><low data="36.94"/><volume data="5167132"/><avg_volume data="22894"/><market_cap data="141199.66"/><open data="37.08"/><y_close data="37.01"/><change data="+0.16"/><perc_change data="0.43"/><delay data="0"/><trade_timestamp data="1 minute ago"/><trade_date_utc data="20120905"/><trade_time_utc data="154002"/><current_date_utc data="20120905"/><current_time_utc data="154142"/><symbol_url data="/finance?client=ig&amp;q=JPM"/><chart_url data="/finance/chart?q=NYSE:JPM&amp;tlf=12"/><disclaimer_url data="/help/stock_disclaimer.html"/><ecn_url data=""/><isld_last data=""/><isld_trade_date_utc data=""/><isld_trade_time_utc data=""/><brut_last data=""/><brut_trade_date_utc data=""/><brut_trade_time_utc data=""/><daylight_savings data="true"/></finance><finance module_id="0" tab_id="0" mobile_row="0" mobile_zipped="1" row="0" section="0" ><symbol data="K"/><pretty_symbol data="K"/><symbol_lookup_url data="/finance?client=ig&amp;q=K"/><company data="Kellogg Company"/><exchange data="NYSE"/><exchange_timezone data="ET"/><exchange_utc_offset data="+05:00"/><exchange_closing data="960"/><divisor data="2"/><currency data="USD"/><last data="50.53"/><high data="50.80"/><low data="50.29"/><volume data="326083"/><avg_volume data="2162"/><market_cap data="18076.36"/><open data="50.60"/><y_close data="50.65"/><change data="-0.12"/><perc_change data="-0.24"/><delay data="0"/><trade_timestamp data="1 minute ago"/><trade_date_utc data="20120905"/><trade_time_utc data="153953"/><current_date_utc data="20120905"/><current_time_utc data="154142"/><symbol_url data="/finance?client=ig&amp;q=K"/><chart_url data="/finance/chart?q=NYSE:K&amp;tlf=12"/><disclaimer_url data="/help/stock_disclaimer.html"/><ecn_url data=""/><isld_last data=""/><isld_trade_date_utc data=""/><isld_trade_time_utc data=""/><brut_last data=""/><brut_trade_date_utc data=""/><brut_trade_time_utc data=""/><daylight_savings data="true"/></finance><finance module_id="0" tab_id="0" mobile_row="0" mobile_zipped="1" row="0" section="0" ><symbol data="LLY"/><pretty_symbol data="LLY"/><symbol_lookup_url data="/finance?client=ig&amp;q=LLY"/><company data="Eli Lilly &amp; Co."/><exchange data="NYSE"/><exchange_timezone data="ET"/><exchange_utc_offset data="+05:00"/><exchange_closing data="960"/><divisor data="2"/><currency data="USD"/><last data="46.02"/><high data="46.36"/><low data="45.85"/><volume data="4715380"/><avg_volume data="8618"/><market_cap data="53402.78"/><open data="45.87"/><y_close data="45.29"/><change data="+0.73"/><perc_change data="1.61"/><delay data="0"/><trade_timestamp data="2 minutes ago"/><trade_date_utc data="20120905"/><trade_time_utc data="153931"/><current_date_utc data="20120905"/><current_time_utc data="154142"/><symbol_url data="/finance?client=ig&amp;q=LLY"/><chart_url data="/finance/chart?q=NYSE:LLY&amp;tlf=12"/><disclaimer_url data="/help/stock_disclaimer.html"/><ecn_url data=""/><isld_last data=""/><isld_trade_date_utc data=""/><isld_trade_time_utc data=""/><brut_last data=""/><brut_trade_date_utc data=""/><brut_trade_time_utc data=""/><daylight_savings data="true"/></finance><finance module_id="0" tab_id="0" mobile_row="0" mobile_zipped="1" row="0" section="0" ><symbol data="LMT"/><pretty_symbol data="LMT"/><symbol_lookup_url data="/finance?client=ig&amp;q=LMT"/><company data="Lockheed Martin Corporation"/><exchange data="NYSE"/><exchange_timezone data="ET"/><exchange_utc_offset data="+05:00"/><exchange_closing data="960"/><divisor data="2"/><currency data="USD"/><last data="91.19"/><high data="91.27"/><low data="90.34"/><volume data="467096"/><avg_volume data="1546"/><market_cap data="29583.52"/><open data="90.44"/><y_close data="90.53"/><change data="+0.66"/><perc_change data="0.73"/><delay data="0"/><trade_timestamp data="2 minutes ago"/><trade_date_utc data="20120905"/><trade_time_utc data="153929"/><current_date_utc data="20120905"/><current_time_utc data="154142"/><symbol_url data="/finance?client=ig&amp;q=LMT"/><chart_url data="/finance/chart?q=NYSE:LMT&amp;tlf=12"/><disclaimer_url data="/help/stock_disclaimer.html"/><ecn_url data=""/><isld_last data=""/><isld_trade_date_utc data=""/><isld_trade_time_utc data=""/><brut_last data=""/><brut_trade_date_utc data=""/><brut_trade_time_utc data=""/><daylight_savings data="true"/></finance><finance module_id="0" tab_id="0" mobile_row="0" mobile_zipped="1" row="0" section="0" ><symbol data="MSFT"/><pretty_symbol data="MSFT"/><symbol_lookup_url data="/finance?client=ig&amp;q=MSFT"/><company data="Microsoft Corporation"/><exchange data="Nasdaq"/><exchange_timezone data="ET"/><exchange_utc_offset data="+05:00"/><exchange_closing data="960"/><divisor data="2"/><currency data="USD"/><last data="30.39"/><high data="30.53"/><low data="30.21"/><volume data="13066470"/><avg_volume data="32324"/><market_cap data="254729.50"/><open data="30.22"/><y_close data="30.39"/><change data="+0.00"/><perc_change data="0.00"/><delay data="0"/><trade_timestamp data="1 minute ago"/><trade_date_utc data="20120905"/><trade_time_utc data="154031"/><current_date_utc data="20120905"/><current_time_utc data="154142"/><symbol_url data="/finance?client=ig&amp;q=MSFT"/><chart_url data="/finance/chart?q=NASDAQ:MSFT&amp;tlf=12"/><disclaimer_url data="/help/stock_disclaimer.html"/><ecn_url data=""/><isld_last data=""/><isld_trade_date_utc data=""/><isld_trade_time_utc data=""/><brut_last data=""/><brut_trade_date_utc data=""/><brut_trade_time_utc data=""/><daylight_savings data="true"/></finance><finance module_id="0" tab_id="0" mobile_row="0" mobile_zipped="1" row="0" section="0" ><symbol data="MTH"/><pretty_symbol data="MTH"/><symbol_lookup_url data="/finance?client=ig&amp;q=MTH"/><company data="Meritage Homes Corporation"/><exchange data="NYSE"/><exchange_timezone data="ET"/><exchange_utc_offset data="+05:00"/><exchange_closing data="960"/><divisor data="2"/><currency data="USD"/><last data="37.26"/><high data="37.70"/><low data="36.91"/><volume data="166282"/><avg_volume data="569"/><market_cap data="1319.26"/><open data="37.51"/><y_close data="37.35"/><change data="-0.09"/><perc_change data="-0.24"/><delay data="0"/><trade_timestamp data="3 minutes ago"/><trade_date_utc data="20120905"/><trade_time_utc data="153813"/><current_date_utc data="20120905"/><current_time_utc data="154142"/><symbol_url data="/finance?client=ig&amp;q=MTH"/><chart_url data="/finance/chart?q=NYSE:MTH&amp;tlf=12"/><disclaimer_url data="/help/stock_disclaimer.html"/><ecn_url data=""/><isld_last data=""/><isld_trade_date_utc data=""/><isld_trade_time_utc data=""/><brut_last data=""/><brut_trade_date_utc data=""/><brut_trade_time_utc data=""/><daylight_savings data="true"/></finance><finance module_id="0" tab_id="0" mobile_row="0" mobile_zipped="1" row="0" section="0" ><symbol data="NKE"/><pretty_symbol data="NKE"/><symbol_lookup_url data="/finance?client=ig&amp;q=NKE"/><company data="NIKE, Inc."/><exchange data="NYSE"/><exchange_timezone data="ET"/><exchange_utc_offset data="+05:00"/><exchange_closing data="960"/><divisor data="2"/><currency data="USD"/><last data="97.30"/><high data="97.78"/><low data="96.97"/><volume data="489675"/><avg_volume data="2368"/><market_cap data="44162.01"/><open data="97.52"/><y_close data="97.26"/><change data="+0.04"/><perc_change data="0.04"/><delay data="0"/><trade_timestamp data="2 minutes ago"/><trade_date_utc data="20120905"/><trade_time_utc data="153921"/><current_date_utc data="20120905"/><current_time_utc data="154142"/><symbol_url data="/finance?client=ig&amp;q=NKE"/><chart_url data="/finance/chart?q=NYSE:NKE&amp;tlf=12"/><disclaimer_url data="/help/stock_disclaimer.html"/><ecn_url data=""/><isld_last data=""/><isld_trade_date_utc data=""/><isld_trade_time_utc data=""/><brut_last data=""/><brut_trade_date_utc data=""/><brut_trade_time_utc data=""/><daylight_savings data="true"/></finance><finance module_id="0" tab_id="0" mobile_row="0" mobile_zipped="1" row="0" section="0" ><symbol data="NOC"/><pretty_symbol data="NOC"/><symbol_lookup_url data="/finance?client=ig&amp;q=NOC"/><company data="Northrop Grumman Corporation"/><exchange data="NYSE"/><exchange_timezone data="ET"/><exchange_utc_offset data="+05:00"/><exchange_closing data="960"/><divisor data="2"/><currency data="USD"/><last data="66.69"/><high data="67.04"/><low data="66.18"/><volume data="631950"/><avg_volume data="1656"/><market_cap data="16486.45"/><open data="66.71"/><y_close data="66.75"/><change data="-0.06"/><perc_change data="-0.09"/><delay data="0"/><trade_timestamp data="1 minute ago"/><trade_date_utc data="20120905"/><trade_time_utc data="153952"/><current_date_utc data="20120905"/><current_time_utc data="154142"/><symbol_url data="/finance?client=ig&amp;q=NOC"/><chart_url data="/finance/chart?q=NYSE:NOC&amp;tlf=12"/><disclaimer_url data="/help/stock_disclaimer.html"/><ecn_url data=""/><isld_last data=""/><isld_trade_date_utc data=""/><isld_trade_time_utc data=""/><brut_last data=""/><brut_trade_date_utc data=""/><brut_trade_time_utc data=""/><daylight_savings data="true"/></finance><finance module_id="0" tab_id="0" mobile_row="0" mobile_zipped="1" row="0" section="0" ><symbol data="NOK"/><pretty_symbol data="NOK"/><symbol_lookup_url data="/finance?client=ig&amp;q=NOK"/><company data="Nokia Corporation (ADR)"/><exchange data="NYSE"/><exchange_timezone data="ET"/><exchange_utc_offset data="+05:00"/><exchange_closing data="960"/><divisor data="2"/><currency data="USD"/><last data="2.54"/><high data="2.90"/><low data="2.41"/><volume data="117412750"/><avg_volume data="56930"/><market_cap data="9504.69"/><open data="2.89"/><y_close data="2.83"/><change data="-0.29"/><perc_change data="-10.32"/><delay data="0"/><trade_timestamp data="35 seconds ago"/><trade_date_utc data="20120905"/><trade_time_utc data="154107"/><current_date_utc data="20120905"/><current_time_utc data="154142"/><symbol_url data="/finance?client=ig&amp;q=NOK"/><chart_url data="/finance/chart?q=NYSE:NOK&amp;tlf=12"/><disclaimer_url data="/help/stock_disclaimer.html"/><ecn_url data=""/><isld_last data=""/><isld_trade_date_utc data=""/><isld_trade_time_utc data=""/><brut_last data=""/><brut_trade_date_utc data=""/><brut_trade_time_utc data=""/><daylight_savings data="true"/></finance><finance module_id="0" tab_id="0" mobile_row="0" mobile_zipped="1" row="0" section="0" ><symbol data="ORCL"/><pretty_symbol data="ORCL"/><symbol_lookup_url data="/finance?client=ig&amp;q=ORCL"/><company data="Oracle Corporation"/><exchange data="Nasdaq"/><exchange_timezone data="ET"/><exchange_utc_offset data="+05:00"/><exchange_closing data="960"/><divisor data="2"/><currency data="USD"/><last data="32.08"/><high data="32.11"/><low data="31.60"/><volume data="9819676"/><avg_volume data="18431"/><market_cap data="156631.28"/><open data="31.65"/><y_close data="31.57"/><change data="+0.51"/><perc_change data="1.62"/><delay data="0"/><trade_timestamp data="1 minute ago"/><trade_date_utc data="20120905"/><trade_time_utc data="154035"/><current_date_utc data="20120905"/><current_time_utc data="154142"/><symbol_url data="/finance?client=ig&amp;q=ORCL"/><chart_url data="/finance/chart?q=NASDAQ:ORCL&amp;tlf=12"/><disclaimer_url data="/help/stock_disclaimer.html"/><ecn_url data=""/><isld_last data=""/><isld_trade_date_utc data=""/><isld_trade_time_utc data=""/><brut_last data=""/><brut_trade_date_utc data=""/><brut_trade_time_utc data=""/><daylight_savings data="true"/></finance><finance module_id="0" tab_id="0" mobile_row="0" mobile_zipped="1" row="0" section="0" ><symbol data="PG"/><pretty_symbol data="PG"/><symbol_lookup_url data="/finance?client=ig&amp;q=PG"/><company data="The Procter &amp; Gamble Company"/><exchange data="NYSE"/><exchange_timezone data="ET"/><exchange_utc_offset data="+05:00"/><exchange_closing data="960"/><divisor data="2"/><currency data="USD"/><last data="67.48"/><high data="67.48"/><low data="67.21"/><volume data="1839012"/><avg_volume data="8995"/><market_cap data="185858.45"/><open data="67.21"/><y_close data="67.40"/><change data="+0.08"/><perc_change data="0.12"/><delay data="0"/><trade_timestamp data="1 minute ago"/><trade_date_utc data="20120905"/><trade_time_utc data="154025"/><current_date_utc data="20120905"/><current_time_utc data="154142"/><symbol_url data="/finance?client=ig&amp;q=PG"/><chart_url data="/finance/chart?q=NYSE:PG&amp;tlf=12"/><disclaimer_url data="/help/stock_disclaimer.html"/><ecn_url data=""/><isld_last data=""/><isld_trade_date_utc data=""/><isld_trade_time_utc data=""/><brut_last data=""/><brut_trade_date_utc data=""/><brut_trade_time_utc data=""/><daylight_savings data="true"/></finance><finance module_id="0" tab_id="0" mobile_row="0" mobile_zipped="1" row="0" section="0" ><symbol data="Q"/><pretty_symbol data="Q"/><symbol_lookup_url data="/finance?client=ig&amp;q=Q"/><company data=""/><exchange data="UNKNOWN EXCHANGE"/><exchange_timezone data=""/><exchange_utc_offset data=""/><exchange_closing data=""/><divisor data=""/><currency data=""/><last data=""/><high data=""/><low data=""/><volume data=""/><avg_volume data=""/><market_cap data=""/><open data=""/><y_close data=""/><change data=""/><perc_change data=""/><delay data=""/><trade_timestamp data="Dec 31, 1969"/><trade_date_utc data=""/><trade_time_utc data=""/><current_date_utc data="20120905"/><current_time_utc data="154142"/><symbol_url data="/finance?client=ig&amp;q=Q"/><chart_url data="/images/no_chart.gif"/><disclaimer_url data="/help/stock_disclaimer.html"/><ecn_url data=""/><isld_last data=""/><isld_trade_date_utc data=""/><isld_trade_time_utc data=""/><brut_last data=""/><brut_trade_date_utc data=""/><brut_trade_time_utc data=""/><daylight_savings data="true"/></finance><finance module_id="0" tab_id="0" mobile_row="0" mobile_zipped="1" row="0" section="0" ><symbol data="RBS"/><pretty_symbol data="RBS"/><symbol_lookup_url data="/finance?client=ig&amp;q=RBS"/><company data="Royal Bank of Scotland Group plc (ADR)"/><exchange data="NYSE"/><exchange_timezone data="ET"/><exchange_utc_offset data="+05:00"/><exchange_closing data="960"/><divisor data="2"/><currency data="USD"/><last data="7.11"/><high data="7.12"/><low data="7.03"/><volume data="67036"/><avg_volume data="454"/><market_cap data="202695.22"/><open data="7.07"/><y_close data="7.07"/><change data="+0.04"/><perc_change data="0.57"/><delay data="0"/><trade_timestamp data="4 minutes ago"/><trade_date_utc data="20120905"/><trade_time_utc data="153650"/><current_date_utc data="20120905"/><current_time_utc data="154142"/><symbol_url data="/finance?client=ig&amp;q=RBS"/><chart_url data="/finance/chart?q=NYSE:RBS&amp;tlf=12"/><disclaimer_url data="/help/stock_disclaimer.html"/><ecn_url data=""/><isld_last data=""/><isld_trade_date_utc data=""/><isld_trade_time_utc data=""/><brut_last data=""/><brut_trade_date_utc data=""/><brut_trade_time_utc data=""/><daylight_savings data="true"/></finance><finance module_id="0" tab_id="0" mobile_row="0" mobile_zipped="1" row="0" section="0" ><symbol data="RTN"/><pretty_symbol data="RTN"/><symbol_lookup_url data="/finance?client=ig&amp;q=RTN"/><company data="Raytheon Company"/><exchange data="NYSE"/><exchange_timezone data="ET"/><exchange_utc_offset data="+05:00"/><exchange_closing data="960"/><divisor data="2"/><currency data="USD"/><last data="56.99"/><high data="56.99"/><low data="56.41"/><volume data="501600"/><avg_volume data="1605"/><market_cap data="18921.76"/><open data="56.65"/><y_close data="56.45"/><change data="+0.54"/><perc_change data="0.96"/><delay data="0"/><trade_timestamp data="1 minute ago"/><trade_date_utc data="20120905"/><trade_time_utc data="153952"/><current_date_utc data="20120905"/><current_time_utc data="154142"/><symbol_url data="/finance?client=ig&amp;q=RTN"/><chart_url data="/finance/chart?q=NYSE:RTN&amp;tlf=12"/><disclaimer_url data="/help/stock_disclaimer.html"/><ecn_url data=""/><isld_last data=""/><isld_trade_date_utc data=""/><isld_trade_time_utc data=""/><brut_last data=""/><brut_trade_date_utc data=""/><brut_trade_time_utc data=""/><daylight_savings data="true"/></finance><finance module_id="0" tab_id="0" mobile_row="0" mobile_zipped="1" row="0" section="0" ><symbol data="S"/><pretty_symbol data="S"/><symbol_lookup_url data="/finance?client=ig&amp;q=S"/><company data="Sprint Nextel Corporation"/><exchange data="NYSE"/><exchange_timezone data="ET"/><exchange_utc_offset data="+05:00"/><exchange_closing data="960"/><divisor data="2"/><currency data="USD"/><last data="4.91"/><high data="4.96"/><low data="4.83"/><volume data="37987544"/><avg_volume data="75180"/><market_cap data="14716.85"/><open data="4.84"/><y_close data="4.80"/><change data="+0.11"/><perc_change data="2.19"/><delay data="0"/><trade_timestamp data="29 seconds ago"/><trade_date_utc data="20120905"/><trade_time_utc data="154113"/><current_date_utc data="20120905"/><current_time_utc data="154142"/><symbol_url data="/finance?client=ig&amp;q=S"/><chart_url data="/finance/chart?q=NYSE:S&amp;tlf=12"/><disclaimer_url data="/help/stock_disclaimer.html"/><ecn_url data=""/><isld_last data=""/><isld_trade_date_utc data=""/><isld_trade_time_utc data=""/><brut_last data=""/><brut_trade_date_utc data=""/><brut_trade_time_utc data=""/><daylight_savings data="true"/></finance><finance module_id="0" tab_id="0" mobile_row="0" mobile_zipped="1" row="0" section="0" ><symbol data="SLB"/><pretty_symbol data="SLB"/><symbol_lookup_url data="/finance?client=ig&amp;q=SLB"/><company data="Schlumberger Limited."/><exchange data="NYSE"/><exchange_timezone data="ET"/><exchange_utc_offset data="+05:00"/><exchange_closing data="960"/><divisor data="2"/><currency data="USD"/><last data="71.27"/><high data="72.10"/><low data="71.03"/><volume data="2262115"/><avg_volume data="6082"/><market_cap data="94577.29"/><open data="71.32"/><y_close data="71.42"/><change data="-0.15"/><perc_change data="-0.21"/><delay data="0"/><trade_timestamp data="1 minute ago"/><trade_date_utc data="20120905"/><trade_time_utc data="154002"/><current_date_utc data="20120905"/><current_time_utc data="154142"/><symbol_url data="/finance?client=ig&amp;q=SLB"/><chart_url data="/finance/chart?q=NYSE:SLB&amp;tlf=12"/><disclaimer_url data="/help/stock_disclaimer.html"/><ecn_url data=""/><isld_last data=""/><isld_trade_date_utc data=""/><isld_trade_time_utc data=""/><brut_last data=""/><brut_trade_date_utc data=""/><brut_trade_time_utc data=""/><daylight_savings data="true"/></finance><finance module_id="0" tab_id="0" mobile_row="0" mobile_zipped="1" row="0" section="0" ><symbol data="SPF"/><pretty_symbol data="SPF"/><symbol_lookup_url data="/finance?client=ig&amp;q=SPF"/><company data="Standard Pacific Corp."/><exchange data="NYSE"/><exchange_timezone data="ET"/><exchange_utc_offset data="+05:00"/><exchange_closing data="960"/><divisor data="2"/><currency data="USD"/><last data="6.90"/><high data="6.98"/><low data="6.85"/><volume data="2279501"/><avg_volume data="4640"/><market_cap data="1380.54"/><open data="6.94"/><y_close data="6.93"/><change data="-0.03"/><perc_change data="-0.43"/><delay data="0"/><trade_timestamp data="3 minutes ago"/><trade_date_utc data="20120905"/><trade_time_utc data="153827"/><current_date_utc data="20120905"/><current_time_utc data="154142"/><symbol_url data="/finance?client=ig&amp;q=SPF"/><chart_url data="/finance/chart?q=NYSE:SPF&amp;tlf=12"/><disclaimer_url data="/help/stock_disclaimer.html"/><ecn_url data=""/><isld_last data=""/><isld_trade_date_utc data=""/><isld_trade_time_utc data=""/><brut_last data=""/><brut_trade_date_utc data=""/><brut_trade_time_utc data=""/><daylight_savings data="true"/></finance><finance module_id="0" tab_id="0" mobile_row="0" mobile_zipped="1" row="0" section="0" ><symbol data="T"/><pretty_symbol data="T"/><symbol_lookup_url data="/finance?client=ig&amp;q=T"/><company data="AT&amp;T Inc."/><exchange data="NYSE"/><exchange_timezone data="ET"/><exchange_utc_offset data="+05:00"/><exchange_closing data="960"/><divisor data="2"/><currency data="USD"/><last data="36.94"/><high data="37.00"/><low data="36.70"/><volume data="8097456"/><avg_volume data="23906"/><market_cap data="213106.85"/><open data="36.78"/><y_close data="36.81"/><change data="+0.13"/><perc_change data="0.35"/><delay data="0"/><trade_timestamp data="2 minutes ago"/><trade_date_utc data="20120905"/><trade_time_utc data="153911"/><current_date_utc data="20120905"/><current_time_utc data="154142"/><symbol_url data="/finance?client=ig&amp;q=T"/><chart_url data="/finance/chart?q=NYSE:T&amp;tlf=12"/><disclaimer_url data="/help/stock_disclaimer.html"/><ecn_url data=""/><isld_last data=""/><isld_trade_date_utc data=""/><isld_trade_time_utc data=""/><brut_last data=""/><brut_trade_date_utc data=""/><brut_trade_time_utc data=""/><daylight_savings data="true"/></finance><finance module_id="0" tab_id="0" mobile_row="0" mobile_zipped="1" row="0" section="0" ><symbol data="UL"/><pretty_symbol data="UL"/><symbol_lookup_url data="/finance?client=ig&amp;q=UL"/><company data="Unilever plc (ADR)"/><exchange data="NYSE"/><exchange_timezone data="ET"/><exchange_utc_offset data="+05:00"/><exchange_closing data="960"/><divisor data="2"/><currency data="USD"/><last data="36.12"/><high data="36.27"/><low data="36.01"/><volume data="546677"/><avg_volume data="1565"/><market_cap data="102318.92"/><open data="36.27"/><y_close data="35.98"/><change data="+0.14"/><perc_change data="0.39"/><delay data="0"/><trade_timestamp data="1 minute ago"/><trade_date_utc data="20120905"/><trade_time_utc data="154004"/><current_date_utc data="20120905"/><current_time_utc data="154142"/><symbol_url data="/finance?client=ig&amp;q=UL"/><chart_url data="/finance/chart?q=NYSE:UL&amp;tlf=12"/><disclaimer_url data="/help/stock_disclaimer.html"/><ecn_url data=""/><isld_last data=""/><isld_trade_date_utc data=""/><isld_trade_time_utc data=""/><brut_last data=""/><brut_trade_date_utc data=""/><brut_trade_time_utc data=""/><daylight_savings data="true"/></finance><finance module_id="0" tab_id="0" mobile_row="0" mobile_zipped="1" row="0" section="0" ><symbol data="V"/><pretty_symbol data="V"/><symbol_lookup_url data="/finance?client=ig&amp;q=V"/><company data="Visa Inc"/><exchange data="NYSE"/><exchange_timezone data="ET"/><exchange_utc_offset data="+05:00"/><exchange_closing data="960"/><divisor data="2"/><currency data="USD"/><last data="128.14"/><high data="129.00"/><low data="127.85"/><volume data="893023"/><avg_volume data="2615"/><market_cap data="103942.75"/><open data="128.86"/><y_close data="128.52"/><change data="-0.38"/><perc_change data="-0.30"/><delay data="0"/><trade_timestamp data="1 minute ago"/><trade_date_utc data="20120905"/><trade_time_utc data="153952"/><current_date_utc data="20120905"/><current_time_utc data="154142"/><symbol_url data="/finance?client=ig&amp;q=V"/><chart_url data="/finance/chart?q=NYSE:V&amp;tlf=12"/><disclaimer_url data="/help/stock_disclaimer.html"/><ecn_url data=""/><isld_last data=""/><isld_trade_date_utc data=""/><isld_trade_time_utc data=""/><brut_last data=""/><brut_trade_date_utc data=""/><brut_trade_time_utc data=""/><daylight_savings data="true"/></finance><finance module_id="0" tab_id="0" mobile_row="0" mobile_zipped="1" row="0" section="0" ><symbol data="WMT"/><pretty_symbol data="WMT"/><symbol_lookup_url data="/finance?client=ig&amp;q=WMT"/><company data="Wal-Mart Stores, Inc."/><exchange data="NYSE"/><exchange_timezone data="ET"/><exchange_utc_offset data="+05:00"/><exchange_closing data="960"/><divisor data="2"/><currency data="USD"/><last data="73.66"/><high data="73.95"/><low data="73.41"/><volume data="2648020"/><avg_volume data="7438"/><market_cap data="249231.63"/><open data="73.86"/><y_close data="73.51"/><change data="+0.15"/><perc_change data="0.20"/><delay data="0"/><trade_timestamp data="23 seconds ago"/><trade_date_utc data="20120905"/><trade_time_utc data="154119"/><current_date_utc data="20120905"/><current_time_utc data="154142"/><symbol_url data="/finance?client=ig&amp;q=WMT"/><chart_url data="/finance/chart?q=NYSE:WMT&amp;tlf=12"/><disclaimer_url data="/help/stock_disclaimer.html"/><ecn_url data=""/><isld_last data=""/><isld_trade_date_utc data=""/><isld_trade_time_utc data=""/><brut_last data=""/><brut_trade_date_utc data=""/><brut_trade_time_utc data=""/><daylight_savings data="true"/></finance><finance module_id="0" tab_id="0" mobile_row="0" mobile_zipped="1" row="0" section="0" ><symbol data="X"/><pretty_symbol data="X"/><symbol_lookup_url data="/finance?client=ig&amp;q=X"/><company data="United States Steel Corporation"/><exchange data="NYSE"/><exchange_timezone data="ET"/><exchange_utc_offset data="+05:00"/><exchange_closing data="960"/><divisor data="2"/><currency data="USD"/><last data="19.05"/><high data="19.18"/><low data="18.29"/><volume data="4751735"/><avg_volume data="8302"/><market_cap data="2748.50"/><open data="18.74"/><y_close data="18.78"/><change data="+0.27"/><perc_change data="1.44"/><delay data="0"/><trade_timestamp data="2 minutes ago"/><trade_date_utc data="20120905"/><trade_time_utc data="153926"/><current_date_utc data="20120905"/><current_time_utc data="154142"/><symbol_url data="/finance?client=ig&amp;q=X"/><chart_url data="/finance/chart?q=NYSE:X&amp;tlf=12"/><disclaimer_url data="/help/stock_disclaimer.html"/><ecn_url data=""/><isld_last data=""/><isld_trade_date_utc data=""/><isld_trade_time_utc data=""/><brut_last data=""/><brut_trade_date_utc data=""/><brut_trade_time_utc data=""/><daylight_savings data="true"/></finance><finance module_id="0" tab_id="0" mobile_row="0" mobile_zipped="1" row="0" section="0" ><symbol data="XOM"/><pretty_symbol data="XOM"/><symbol_lookup_url data="/finance?client=ig&amp;q=XOM"/><company data="Exxon Mobil Corporation"/><exchange data="NYSE"/><exchange_timezone data="ET"/><exchange_utc_offset data="+05:00"/><exchange_closing data="960"/><divisor data="2"/><currency data="USD"/><last data="87.63"/><high data="87.65"/><low data="87.06"/><volume data="3380451"/><avg_volume data="11859"/><market_cap data="404494.76"/><open data="87.52"/><y_close data="87.12"/><change data="+0.51"/><perc_change data="0.59"/><delay data="0"/><trade_timestamp data="1 minute ago"/><trade_date_utc data="20120905"/><trade_time_utc data="154016"/><current_date_utc data="20120905"/><current_time_utc data="154142"/><symbol_url data="/finance?client=ig&amp;q=XOM"/><chart_url data="/finance/chart?q=NYSE:XOM&amp;tlf=12"/><disclaimer_url data="/help/stock_disclaimer.html"/><ecn_url data=""/><isld_last data=""/><isld_trade_date_utc data=""/><isld_trade_time_utc data=""/><brut_last data=""/><brut_trade_date_utc data=""/><brut_trade_time_utc data=""/><daylight_savings data="true"/></finance><finance module_id="0" tab_id="0" mobile_row="0" mobile_zipped="1" row="0" section="0" ><symbol data="XRX"/><pretty_symbol data="XRX"/><symbol_lookup_url data="/finance?client=ig&amp;q=XRX"/><company data="Xerox Corporation"/><exchange data="NYSE"/><exchange_timezone data="ET"/><exchange_utc_offset data="+05:00"/><exchange_closing data="960"/><divisor data="2"/><currency data="USD"/><last data="7.39"/><high data="7.39"/><low data="7.24"/><volume data="2197209"/><avg_volume data="10057"/><market_cap data="9660.22"/><open data="7.27"/><y_close data="7.26"/><change data="+0.13"/><perc_change data="1.79"/><delay data="0"/><trade_timestamp data="3 minutes ago"/><trade_date_utc data="20120905"/><trade_time_utc data="153823"/><current_date_utc data="20120905"/><current_time_utc data="154142"/><symbol_url data="/finance?client=ig&amp;q=XRX"/><chart_url data="/finance/chart?q=NYSE:XRX&amp;tlf=12"/><disclaimer_url data="/help/stock_disclaimer.html"/><ecn_url data=""/><isld_last data=""/><isld_trade_date_utc data=""/><isld_trade_time_utc data=""/><brut_last data=""/><brut_trade_date_utc data=""/><brut_trade_time_utc data=""/><daylight_savings data="true"/></finance><finance module_id="0" tab_id="0" mobile_row="0" mobile_zipped="1" row="0" section="0" ><symbol data="YHOO"/><pretty_symbol data="YHOO"/><symbol_lookup_url data="/finance?client=ig&amp;q=YHOO"/><company data="Yahoo! Inc."/><exchange data="Nasdaq"/><exchange_timezone data="ET"/><exchange_utc_offset data="+05:00"/><exchange_closing data="960"/><divisor data="2"/><currency data="USD"/><last data="14.93"/><high data="15.01"/><low data="14.85"/><volume data="5872185"/><avg_volume data="16479"/><market_cap data="17680.42"/><open data="14.86"/><y_close data="14.89"/><change data="+0.03"/><perc_change data="0.24"/><delay data="0"/><trade_timestamp data="1 minute ago"/><trade_date_utc data="20120905"/><trade_time_utc data="154032"/><current_date_utc data="20120905"/><current_time_utc data="154142"/><symbol_url data="/finance?client=ig&amp;q=YHOO"/><chart_url data="/finance/chart?q=NASDAQ:YHOO&amp;tlf=12"/><disclaimer_url data="/help/stock_disclaimer.html"/><ecn_url data=""/><isld_last data=""/><isld_trade_date_utc data=""/><isld_trade_time_utc data=""/><brut_last data=""/><brut_trade_date_utc data=""/><brut_trade_time_utc data=""/><daylight_savings data="true"/></finance><finance module_id="0" tab_id="0" mobile_row="0" mobile_zipped="1" row="0" section="0" ><symbol data="ZION"/><pretty_symbol data="ZION"/><symbol_lookup_url data="/finance?client=ig&amp;q=ZION"/><company data="Zions Bancorporation"/><exchange data="Nasdaq"/><exchange_timezone data="ET"/><exchange_utc_offset data="+05:00"/><exchange_closing data="960"/><divisor data="2"/><currency data="USD"/><last data="19.36"/><high data="19.38"/><low data="19.14"/><volume data="325817"/><avg_volume data="1863"/><market_cap data="3565.10"/><open data="19.30"/><y_close data="19.33"/><change data="+0.03"/><perc_change data="0.16"/><delay data="0"/><trade_timestamp data="2 minutes ago"/><trade_date_utc data="20120905"/><trade_time_utc data="153845"/><current_date_utc data="20120905"/><current_time_utc data="154142"/><symbol_url data="/finance?client=ig&amp;q=ZION"/><chart_url data="/finance/chart?q=NASDAQ:ZION&amp;tlf=12"/><disclaimer_url data="/help/stock_disclaimer.html"/><ecn_url data=""/><isld_last data=""/><isld_trade_date_utc data=""/><isld_trade_time_utc data=""/><brut_last data=""/><brut_trade_date_utc data=""/><brut_trade_time_utc data=""/><daylight_savings data="true"/></finance></xml_api_reply>