<?xml version="1.0"?><xml_api_reply version="1"><finance module_id="0" tab_id="0" mobile_row="0" mobile_zipped="1" row="0" section="0" ><symbol data=".DJI"/><pretty_symbol data=".DJI"/><symbol_lookup_url data="/finance?client=ig&amp;q=.DJI"/><company data="Dow Jones Industrial Average"/><exchange data="Dow&amp;nbsp;Jones&amp;nbsp;Indices"/><exchange_timezone data="ET"/><exchange_utc_offset data="+05:00"/><exchange_closing data="960"/><divisor data="2"/><currency data="USD"/><last data="13056.15"/><high data="13095.91"/><low data="13018.74"/><volume data="31613601"/><avg_volume data=""/><market_cap data=""/><open data="13036.09"/><y_close data="13035.94"/><change data="+20.21"/><perc_change data="0.16"/><delay data="0"/><trade_timestamp data="16 minutes ago"/><trade_date_utc data="20120905"/><trade_time_utc data="152547"/><current_date_utc data="20120905"/><current_time_utc data="154228"/><symbol_url data="/finance?client=ig&amp;q=.DJI"/><chart_url data="/finance/chart?q=INDEXDJX:.DJI&amp;tlf=12"/><disclaimer_url data="/help/stock_disclaimer.html"/><ecn_url data=""/><isld_last data=""/><isld_trade_date_utc data=""/><isld_trade_time_utc data=""/><brut_last data=""/><brut_trade_date_utc data=""/><brut_trade_time_utc data=""/><daylight_savings data="true"/></finance><finance module_id="0" tab_id="0" mobile_row="0" mobile_zipped="1" row="0" section="0" ><symbol data=".INX"/><pretty_symbol data=".INX"/><symbol_lookup_url data="/finance?client=ig&amp;q=.INX"/><company data="S&amp;P 500"/><exchange data="S&amp;amp;P&amp;nbsp;Indices"/><exchange_timezone data="ET"/><exchange_utc_offset data="+05:00"/><exchange_closing data="960"/><divisor data="2"/><currency data="USD"/><last data="1407.15"/><high data="1408.81"/><low data="1401.25"/><volume data="157215136"/><avg_volume data=""/><market_cap data=""/><open data="1404.94"/><y_close data="1404.94"/><change data="+2.21"/><perc_change data="0.16"/><delay data="0"/><trade_timestamp data="1 minute ago"/><trade_date_utc data="20120905"/><trade_time_utc data="154045"/><current_date_utc data="20120905"/><current_time_utc data="154228"/><symbol_url data="/finance?client=ig&amp;q=.INX"/><chart_url data="/finance/chart?q=INDEXSP:.INX&amp;tlf=12"/><disclaimer_url data="/help/stock_disclaimer.html"/><ecn_url data=""/><isld_last data=""/><isld_trade_date_utc data=""/><isld_trade_time_utc data=""/><brut_last data=""/><brut_trade_date_utc data=""/><brut_trade_time_utc data=""/><daylight_savings data="true"/></finance><finance module_id="0" tab_id="0" mobile_row="0" mobile_zipped="1" row="0" section="0" ><symbol data=".IXIC"/><pretty_symbol data=".IXIC"/><symbol_lookup_url data="/finance?client=ig&amp;q=.IXIC"/><company data="NASDAQ Composite"/><exchange data="Nasdaq&amp;nbsp;Indices"/><exchange_timezone data="ET"/><exchange_utc_offset data="+05:00"/><exchange_closing data="960"/><divisor data="2"/><currency data="USD"/><last data="3078.27"/><high data="3082.75"/><low data="3062.54"/><volume data="577612410"/><avg_volume data=""/><market_cap data=""/><open data="3072.58"/><y_close data="3075.06"/><change data="+3.21"/><perc_change data="0.10"/><delay data="0"/><trade_timestamp data="9 seconds ago"/><trade_date_utc data="20120905"/><trade_time_utc data="154219"/><current_date_utc data="20120905"/><current_time_utc data="154228"/><symbol_url data="/finance?client=ig&amp;q=.IXIC"/><chart_url data="/finance/chart?q=INDEXNASDAQ:.IXIC&amp;tlf=12"/><disclaimer_url data="/help/stock_disclaimer.html"/><ecn_url data=""/><isld_last data=""/><isld_trade_date_utc data=""/><isld_trade_time_utc data=""/><brut_last data=""/><brut_trade_date_utc data=""/><brut_trade_time_utc data=""/><daylight_savings data="true"/></finance></xml_api_reply>